District,Lat,Lng
Wan Chai,22.279899674,114.189663219
Yau Tsim Mong,22.300117814,114.170205328
Sai Kung,22.32502723,114.252991608
Kowloon City,22.30588526,114.213538035
Kwun Tong,22.321481341,114.216378238
Kwun Tong,22.292061687,114.238679629
Central And Western,22.287450801,114.153337877
Eastern,22.284336362,114.224131589
Tai Po,22.455550308,114.168567715
Tuen Mun,22.374858684,113.962006365
Kwun Tong,22.30824891,114.22881269
Sha Tin,22.385548619,114.18690538
Kwun Tong,22.326864744,114.211235319
Kowloon City,22.324985364,114.183901763
Sham Shui Po,22.338563794,114.170992717
Kowloon City,22.317142065,114.187987515
Sham Shui Po,22.340698639,114.138209626
Yau Tsim Mong,22.309264873,114.169144111
Yau Tsim Mong,22.321882903,114.162790751
Southern,22.245260296,114.151995529
Wan Chai,22.273613036,114.174828994
Kowloon City,22.332030611,114.190412498
Kwun Tong,22.307179696,114.228782209
Sha Tin,22.416687083,114.227866137
Wan Chai,22.279602094,114.171838376
Sha Tin,22.396411035,114.199637684
Sai Kung,22.317282806,114.268311917
Sai Kung,22.313028074,114.262467392
Tai Po,22.446784299,114.165984096
Wan Chai,22.278075986,114.17541888
Sham Shui Po,22.331181485,114.153195636
Southern,22.245093848,114.150206723
Kwun Tong,22.317635252,114.212297788
Sham Shui Po,22.331805487,114.160411586
Tsuen Wan,22.372069294,114.113451172
Central And Western,22.278404143,114.163282192
Kwai Tsing,22.362432018,114.103057257
Tai Po,22.450045323,114.168094919
North Point,22.485056501,114.142552276
Tsuen Wan,22.372426142,114.118635957
Southern,22.250166636,114.138030771
Sha Tin,22.424293159,114.231530808
Tai Po,22.455336057,114.164895305
Wan Chai,22.279620187,114.173002762
North Point,22.496968484,114.128399485
Kowloon City,22.314830559,114.181106024
Wong Tai Sin,22.331972526,114.193509944
Sham Shui Po,22.336040439,114.145511633
Central And Western,22.286224807,114.149878721
Sha Tin,22.379981152,114.189073259
Islands,22.28847537,113.943102712
Yuen Long,22.468422529,113.998667638
Tsuen Wan,22.364129596,114.070327132
Kwai Tsing,22.351466689,114.102101921
Wan Chai,22.279783609,114.171830607
Tuen Mun,22.386302878,113.968112272
Central And Western,22.278084529,114.164163266
Yuen Long,22.455011852,114.006544498
Southern,22.250150687,114.148217024
Yuen Long,22.454543124,114.001439671
Central And Western,22.277722373,114.16382272
North Point,22.500125074,114.144720654
Yuen Long,22.442513718,114.018952524
Kwun Tong,22.319798496,114.227694954
Sai Kung,22.317187158,114.268176944
Kowloon City,22.324976332,114.183935735
Kwun Tong,22.309548082,114.229836108
Sham Shui Po,22.331735034,114.160265992
Wong Tai Sin,22.340449598,114.192813959
Kwun Tong,22.329687681,114.225436883
Wan Chai,22.276974178,114.171855935
Yau Tsim Mong,22.32276832,114.169022044
Islands,22.253611659,113.865440211
Wong Tai Sin,22.33243015,114.195583386
Wong Tai Sin,22.345524706,114.193513498
Yau Tsim Mong,22.307910419,114.173011697
Tsuen Wan,22.374306343,114.124033806
Kwun Tong,22.310002813,114.218916828
Yau Tsim Mong,22.30956921,114.169265411
Southern,22.236717079,114.196460137
Kwun Tong,22.31056555,114.233344008
Wan Chai,22.280134015,114.17241182
Kwun Tong,22.315696625,114.233662479
Wong Tai Sin,22.339064514,114.190568496
Kwun Tong,22.320522481,114.222531601
Tsuen Wan,22.372319116,114.122490725
North Point,22.496568536,114.138873014
Sham Shui Po,22.333928585,114.147641814
Kwun Tong,22.312517803,114.222381471
Southern,22.2496628,114.173266477
Kwun Tong,22.31566352,114.224277046
Central And Western,22.278533212,114.162485552
Kwun Tong,22.328623831,114.207063851
Sha Tin,22.377516118,114.18408502
Sha Tin,22.380641322,114.188547024
Tuen Mun,22.391228415,113.979145246
Sai Kung,22.306429892,114.254337317
Sham Shui Po,22.340156869,114.138481582
Eastern,22.263574554,114.249552871
Kowloon City,22.329640336,114.18889123
Eastern,22.283689284,114.211787548
Yuen Long,22.448924256,114.023465626
Kwai Tsing,22.360787155,114.125369984
Kwai Tsing,22.373678047,114.137530562
Yau Tsim Mong,22.293803532,114.168612196
Eastern,22.282230781,114.22287332
Kwun Tong,22.323336898,114.217308619
Kwun Tong,22.331574514,114.227262416
Tuen Mun,22.403165624,113.973189644
Sha Tin,22.367668458,114.17962211
Tsuen Wan,22.370479578,114.119814529
Southern,22.219158743,114.21221284
Kwun Tong,22.317056206,114.216966134
Sham Shui Po,22.339186054,114.172719626
Kwai Tsing,22.355514462,114.102711395
Southern,22.221244431,114.214028083
Southern,22.241680911,114.154592042
Sha Tin,22.373375465,114.186949169
Yau Tsim Mong,22.321359682,114.172623087
Sham Shui Po,22.338645843,114.157635468
Eastern,22.264851907,114.239909546
North Point,22.504979042,114.130447376
Wong Tai Sin,22.34636997,114.200708075
Kowloon City,22.317142065,114.187987515
Yuen Long,22.445142851,114.035946336
Eastern,22.276415208,114.228359431
Yuen Long,22.463089216,114.002007014
Sai Kung,22.382567289,114.274642953
Sha Tin,22.383788188,114.19183718
Southern,22.243179868,114.153624644
Sha Tin,22.379534015,114.204671579
Tai Po,22.45529881,114.162200255
Kowloon City,22.313600425,114.185327908
Yuen Long,22.45029662,114.023192096
Central And Western,22.279063854,114.158863299
Southern,22.219156035,114.212207989
Kwun Tong,22.311862041,114.222878177
Kowloon City,22.306699114,114.212663819
Eastern,22.26400683,114.234535151
Kwun Tong,22.308898338,114.233810159
Yau Tsim Mong,22.326064646,114.173855663
Eastern,22.289553048,114.193730037
Yau Tsim Mong,22.324286362,114.169004488
Southern,22.249366559,114.171930638
Tai Po,22.451968793,114.167813059
Kwai Tsing,22.348917289,114.105953475
Central And Western,22.286002612,114.149626468
Islands,22.308456303,114.015748578
Eastern,22.280082,114.227234227
Central And Western,22.286355795,114.145120009
Kwun Tong,22.310105333,114.237396765
Wong Tai Sin,22.335048984,114.195871065
Yau Tsim Mong,22.312522212,114.169151697
Wan Chai,22.279840531,114.172861089
North Point,22.502540064,114.127833861
North Point,22.494704504,114.138205886
Wong Tai Sin,22.337125947,114.196453779
Eastern,22.292169749,114.208344706
Tai Po,22.453882574,114.174115252
Eastern,22.281252006,114.211366788
Sham Shui Po,22.334580518,114.138600562
Tuen Mun,22.376657136,113.963052273
Kowloon City,22.307271658,114.187355898
Tuen Mun,22.391810222,113.977139114
Yau Tsim Mong,22.299069141,114.166120727
Eastern,22.291369349,114.204996636
Yau Tsim Mong,22.318606067,114.167986655
Kwun Tong,22.309752331,114.229351891
Yuen Long,22.445279485,114.0272195
Sai Kung,22.311705619,114.263176052
Central And Western,22.28571982,114.13605113
Wan Chai,22.272108118,114.188575805
Southern,22.247334678,114.159189421
North Point,22.524499553,114.160641624
Islands,22.210395975,114.028769343
Tai Po,22.459860674,114.171919383
Kwai Tsing,22.348812946,114.106900058
Tuen Mun,22.391460539,113.974071934
Wong Tai Sin,22.338309595,114.1901248
Sha Tin,22.385548619,114.18690538
Yau Tsim Mong,22.300517075,114.173824179
Yau Tsim Mong,22.301790265,114.169751067
Tsuen Wan,22.371940005,114.12035573
Tsuen Wan,22.377648383,114.111255157
Central And Western,22.289916645,114.1454996
Kowloon City,22.311897866,114.18973505
Yuen Long,22.441348148,114.023912075
Southern,22.247443663,114.166309944
Wan Chai,22.281312569,114.177997995
Wong Tai Sin,22.342922858,114.201667569
Kwai Tsing,22.352441025,114.127978745
Kwun Tong,22.319239685,114.213658968
Yuen Long,22.464839138,113.996924305
Eastern,22.276849533,114.225593257
Tsuen Wan,22.371239183,114.112928203
Central And Western,22.286885844,114.140572725
Sha Tin,22.380662943,114.18924519
Kowloon City,22.311967855,114.181241813
Wan Chai,22.279602094,114.171838376
Sai Kung,22.305999691,114.251214969
Tsuen Wan,22.386021079,114.10601626
Yau Tsim Mong,22.309872658,114.169702133
Southern,22.247560513,114.15982966
Tai Po,22.454046551,114.165470562
Yau Tsim Mong,22.298376754,114.171362189
Southern,22.21839309,114.21151238
Yau Tsim Mong,22.3026961,114.171443541
Kwun Tong,22.310575485,114.23334013
Southern,22.249564658,114.15435797
Tai Po,22.446700531,114.169882653
Sha Tin,22.379083072,114.175495544
Wan Chai,22.27738058,114.172663216
Sai Kung,22.408009645,114.321781899
Yau Tsim Mong,22.320546815,114.16945894
Tsuen Wan,22.379076326,114.136832832
Tai Po,22.451001066,114.16058217
Sham Shui Po,22.332006235,114.163323615
Wan Chai,22.277227071,114.173177482
Yau Tsim Mong,22.300517075,114.17382709
Tuen Mun,22.40409502,113.974037101
Central And Western,22.28214802,114.160815229
Kwun Tong,22.312973522,114.229427828
Central And Western,22.287301729,114.147391443
Sha Tin,22.379710134,114.204532759
Sai Kung,22.376390909,114.269191379
Sham Shui Po,22.330498557,114.170264076
Wan Chai,22.275243974,114.178486971
Tsuen Wan,22.385027196,114.143741132
North Point,22.496514312,114.138695185
Yuen Long,22.468637101,114.00500239
Wong Tai Sin,22.338410197,114.207444545
Yau Tsim Mong,22.299362836,114.169772539
Central And Western,22.280962254,114.160373863
Yau Tsim Mong,22.307000178,114.17739358
Yuen Long,22.454767792,113.997975873
Sham Shui Po,22.33180999,114.160297045
Kowloon City,22.300355077,114.187893017
Central And Western,22.286608477,114.155011906
Central And Western,22.277307654,114.16138826
Wong Tai Sin,22.334496067,114.208888094
Tuen Mun,22.381800617,113.962839529
Kwai Tsing,22.354098338,114.106459573
Wong Tai Sin,22.33905584,114.185380899
Kwun Tong,22.292061687,114.238679629
Tuen Mun,22.402305711,113.970175423
Sha Tin,22.380761074,114.214525753
Yuen Long,22.44561779,114.023018499
Sai Kung,22.324387343,114.248183726
North Point,22.496551363,114.138806935
Sham Shui Po,22.327219421,114.157373985
Southern,22.220320564,114.21413841
Wong Tai Sin,22.335062124,114.213872794
North Point,22.486960356,114.143724723
North Point,22.500143141,114.144749806
Yau Tsim Mong,22.309247275,114.162627996
Kwai Tsing,22.361289807,114.121568779
North Point,22.502161648,114.130749595
Central And Western,22.286353986,114.145106424
Central And Western,22.270921457,114.149702155
Eastern,22.266103879,114.241384855
Kowloon City,22.311876193,114.189723402
Wong Tai Sin,22.345460459,114.201590356
Sham Shui Po,22.338697297,114.157459759
Wan Chai,22.268945765,114.185752118
Kwun Tong,22.310578198,114.233328484
Yuen Long,22.465179882,113.997192028
Wong Tai Sin,22.326611282,114.209807436
Kwun Tong,22.307102257,114.23350566
Tuen Mun,22.399503257,113.975664607
Wong Tai Sin,22.341975829,114.192134606
Kwai Tsing,22.363213974,114.102863636
Tsuen Wan,22.370672107,114.113034296
Yau Tsim Mong,22.325975222,114.172849109
Wong Tai Sin,22.341033719,114.194328391
Islands,22.290585948,113.943823115
Tuen Mun,22.39631722,113.965678254
Tai Po,22.450911086,114.164205912
Central And Western,22.286381076,114.145096714
Tsuen Wan,22.368993007,114.114520599
Kowloon City,22.311877096,114.189724372
Islands,22.20591461,114.131719754
Southern,22.24742071,114.153878112
Sha Tin,22.384780754,114.190585604
Wan Chai,22.275300869,114.178290973
Kwai Tsing,22.356796807,114.126166581
Wan Chai,22.281218654,114.176787018
Yau Tsim Mong,22.304436162,114.168256374
Yau Tsim Mong,22.293915595,114.170450167
Southern,22.244480532,114.155416168
Tuen Mun,22.390332821,113.97566906
Tai Po,22.446125115,114.166576748
Kowloon City,22.332749566,114.197756802
North Point,22.505296555,114.12922269
Eastern,22.291348497,114.205462425
Wan Chai,22.279620187,114.173002762
North Point,22.496525185,114.13884873
Kwai Tsing,22.356289889,114.108181734
Kowloon City,22.318848686,114.190122956
Yau Tsim Mong,22.309195393,114.170430062
Tai Po,22.44729667,114.174202815
Eastern,22.265363343,114.234228147
North Point,22.506249595,114.130368229
Tuen Mun,22.40646555,113.969086389
Islands,22.290500191,113.943846547
Tsuen Wan,22.374766976,114.124266668
Sai Kung,22.382233641,114.27232681
Tsuen Wan,22.374637308,114.115090964
Kwai Tsing,22.370598895,114.138618892
Yuen Long,22.465743574,114.000643431
Yuen Long,22.445740518,114.010194949
Kwun Tong,22.312638458,114.229516023
Kwai Tsing,22.373936979,114.136536211
Tuen Mun,22.376873999,113.968694365
Yau Tsim Mong,22.30943924,114.170963842
Kwun Tong,22.307613784,114.223788098
Yuen Long,22.447379232,114.004737148
North Point,22.500138628,114.144758553
Kowloon City,22.325220094,114.185262608
Tsuen Wan,22.370514161,114.115599619
Sham Shui Po,22.329242679,114.161130178
Wan Chai,22.275466017,114.183074521
Kowloon City,22.332385039,114.183564337
Central And Western,22.285942202,114.140839819
Sha Tin,22.388065641,114.194823687
Central And Western,22.277343564,114.159292395
Sai Kung,22.383080432,114.271249537
Southern,22.250503282,114.156941253
Central And Western,22.27992667,114.162833756
Yuen Long,22.44306328,114.033031164
Central And Western,22.286604863,114.155001233
Wong Tai Sin,22.334467047,114.209496717
Sham Shui Po,22.33728954,114.169962835
Sham Shui Po,22.335979927,114.166565409
Tsuen Wan,22.374276275,114.115586322
Wong Tai Sin,22.339761117,114.207728295
Sha Tin,22.382476671,114.201527957
Islands,22.289199583,113.939343218
Kowloon City,22.330183965,114.189052408
Wan Chai,22.278437181,114.180280149
Central And Western,22.290173618,114.143492766
Central And Western,22.28635218,114.145110306
Southern,22.228703008,114.250693986
Kwai Tsing,22.360787143,114.125333091
Wong Tai Sin,22.343778657,114.203550035
Kwai Tsing,22.358474325,114.081350764
Kwai Tsing,22.363128814,114.131543073
Sha Tin,22.426024054,114.229559674
Sai Kung,22.317011058,114.268183623
Tai Po,22.452678106,114.161457316
Eastern,22.263325701,114.239976777
Eastern,22.284725207,114.222287071
Sai Kung,22.318779418,114.257656765
North Point,22.546121488,114.222848562
Central And Western,22.281942985,114.128638843
Yau Tsim Mong,22.308280667,114.172719561
Eastern,22.267466994,114.249037746
Tuen Mun,22.390791051,113.978908919
Kwun Tong,22.326899912,114.20695962
Yau Tsim Mong,22.301871567,114.170381872
Sham Shui Po,22.33094492,114.15344514
Islands,22.207508325,114.031177534
Yau Tsim Mong,22.309458133,114.169260564
Yau Tsim Mong,22.301745265,114.177408116
Tuen Mun,22.406604845,113.965084852
Wan Chai,22.275330664,114.178892555
Kwai Tsing,22.355356133,114.0982553
Tai Po,22.454660118,114.176371143
Yuen Long,22.456552542,114.002411604
Sha Tin,22.377932444,114.195236032
Yuen Long,22.44495014,114.022702538
Sham Shui Po,22.337965294,114.153470179
Islands,22.266985583,113.996478772
Tuen Mun,22.385428048,113.971817161
Yau Tsim Mong,22.325680753,114.170584613
Yau Tsim Mong,22.321882903,114.162790751
Yau Tsim Mong,22.293458621,114.169873759
Central And Western,22.282568978,114.162191126
Kowloon City,22.332700806,114.197717967
Yau Tsim Mong,22.302025208,114.178398003
Kowloon City,22.3049048,114.216263903
Wan Chai,22.280333591,114.172391437
Kwun Tong,22.314648851,114.226063511
Wong Tai Sin,22.346176899,114.199425639
Kwun Tong,22.307922002,114.228810628
Central And Western,22.281073272,114.159806206
Yuen Long,22.442804802,114.02112533
Kwai Tsing,22.360817868,114.125398129
Yuen Long,22.445636867,114.023136998
North Point,22.499182543,114.13409762
Wong Tai Sin,22.342732064,114.208297814
Wan Chai,22.274418531,114.172740926
North Point,22.484754106,114.143135398
Kwun Tong,22.295658454,114.239016982
Wong Tai Sin,22.339519958,114.207947628
Kwun Tong,22.321862395,114.216528791
Kwai Tsing,22.361123456,114.12952428
Central And Western,22.289085232,114.152570998
Central And Western,22.281813976,114.129075539
Yuen Long,22.463389854,114.004455053
Sha Tin,22.385338793,114.191135275
Sham Shui Po,22.333947213,114.157450708
Islands,22.284888994,114.038054966
Wong Tai Sin,22.348205897,114.200610337
Eastern,22.263727131,114.236340602
Central And Western,22.282331411,114.161525497
Central And Western,22.277515227,114.160058916
Central And Western,22.278084529,114.164163266
Eastern,22.284592018,114.223825042
Kwai Tsing,22.35971222,114.127302422
Tuen Mun,22.391251933,113.979177259
Islands,22.281488157,113.934914077
Eastern,22.292252516,114.199397552
Tuen Mun,22.378691163,113.96469987
Sai Kung,22.397866792,114.319544561
Sha Tin,22.376208601,114.172470936
Eastern,22.265384477,114.240521026
Sha Tin,22.427365427,114.241070624
Sha Tin,22.382938347,114.192566338
Tsuen Wan,22.371521649,114.114762213
Sha Tin,22.425166102,114.234987143
Eastern,22.288437115,114.191095313
Kwun Tong,22.309489437,114.220573366
Tuen Mun,22.402312942,113.970180268
Eastern,22.283752001,114.214029073
Sham Shui Po,22.338612442,114.157732546
Wan Chai,22.284209935,114.190414666
North Point,22.501438644,114.128786673
Central And Western,22.277560855,114.156330988
Wan Chai,22.278075986,114.17541888
Kwun Tong,22.30842484,114.239504011
Southern,22.25061771,114.13614861
Eastern,22.284182797,114.224285823
Sai Kung,22.31710325,114.259626077
Sha Tin,22.366548681,114.174738343
Tai Po,22.442178773,114.166071884
Yuen Long,22.441453388,114.022525713
Eastern,22.265791696,114.238341111
Islands,22.266111266,113.99797404
Eastern,22.263557382,114.249583909
Sai Kung,22.382971932,114.273009953
Sai Kung,22.313518874,114.261632043
North Point,22.496561305,114.138840946
North Point,22.546102961,114.224452643
Sham Shui Po,22.326605531,114.15902417
Central And Western,22.27768084,114.163916844
Sham Shui Po,22.332656636,114.165973532
Eastern,22.281913102,114.225289357
Kowloon City,22.332804653,114.197754869
Tsuen Wan,22.370477044,114.100509129
Sai Kung,22.290743649,114.300968896
Yau Tsim Mong,22.320781662,114.170701304
Sha Tin,22.370204001,114.185938182
Yuen Long,22.455130488,113.999316127
Yuen Long,22.441009783,114.027097792
Sham Shui Po,22.330984258,114.16734814
Sha Tin,22.379336224,114.204799713
Kowloon City,22.3327008,114.197769414
Kwai Tsing,22.370116462,114.124918949
Southern,22.249168502,114.156562128
Southern,22.243269321,114.148257224
Islands,22.284348084,113.937925
Tuen Mun,22.387592313,113.976591629
Islands,22.206819435,114.028346375
Sai Kung,22.295529644,114.271890285
Tsuen Wan,22.370017055,114.119362256
Sha Tin,22.427274233,114.231192977
Eastern,22.278282703,114.233884105
Sai Kung,22.319602246,114.260930093
Tuen Mun,22.390273963,113.976267332
Sham Shui Po,22.339970763,114.15880891
Eastern,22.282006877,114.222674327
Sai Kung,22.31128361,114.256671233
Yau Tsim Mong,22.318401249,114.172272793
Islands,22.290569569,113.943736778
Kwai Tsing,22.346271919,114.126889736
Tuen Mun,22.387438127,113.976782178
Yau Tsim Mong,22.309264873,114.169144111
Yuen Long,22.44135271,114.02880716
Sham Shui Po,22.33736719,114.151602611
North Point,22.492474807,114.141753573
Kwai Tsing,22.356582591,114.102307926
Tuen Mun,22.390942926,113.976839315
Tuen Mun,22.377135645,113.967111259
Eastern,22.288434001,114.215659585
Sha Tin,22.380150827,114.190315206
Wong Tai Sin,22.337496429,114.19446385
Sai Kung,22.318168968,114.259413177
Kowloon City,22.317046806,114.193150026
Wong Tai Sin,22.334356107,114.208814289
Central And Western,22.284957897,114.130310708
Tuen Mun,22.407524546,113.964015135
Yau Tsim Mong,22.323634638,114.160651316
Southern,22.253981269,114.159353514
Kwun Tong,22.306814079,114.222362152
Kwai Tsing,22.358542051,114.12502518
Yau Tsim Mong,22.301456202,114.18205668
Central And Western,22.285369989,114.159251609
Tuen Mun,22.399882549,113.973508108
Wong Tai Sin,22.337406735,114.18745523
Islands,22.227156211,114.109568768
Tuen Mun,22.399832157,113.977276243
Tsuen Wan,22.374730221,114.125103666
Kwun Tong,22.317527174,114.210951561
Central And Western,22.278373591,114.165259694
Eastern,22.282670112,114.224470648
Tuen Mun,22.39340971,113.975835549
Kwai Tsing,22.349870837,114.127673837
Kwun Tong,22.303864639,114.238840103
Tuen Mun,22.40406717,113.979258202
Eastern,22.2850865,114.222044597
Central And Western,22.280607782,114.165409911
Southern,22.244931336,114.187234822
Sha Tin,22.377403183,114.185195836
Central And Western,22.284827605,114.144076248
Kwai Tsing,22.367798402,114.125164483
Central And Western,22.2805406,114.161155027
Sai Kung,22.325856132,114.255108055
North Point,22.499916473,114.144725562
Sham Shui Po,22.337597331,114.141238164
Wan Chai,22.275286421,114.178240518
Kowloon City,22.321933172,114.178354548
Tai Po,22.45828936,114.171355933
Sha Tin,22.417355672,114.226797978
Sai Kung,22.306285006,114.255161196
Kwun Tong,22.321056958,114.216154879
Kwai Tsing,22.366559689,114.139275367
Kwun Tong,22.309548082,114.229836108
Sham Shui Po,22.333189513,114.167129585
Islands,22.28490072,114.038039428
Wan Chai,22.284482289,114.173374276
Yau Tsim Mong,22.318641283,114.167935211
Kowloon City,22.332720668,114.19775971
Eastern,22.281873314,114.222353102
Sai Kung,22.322228432,114.249534696
Sham Shui Po,22.331792842,114.16038635
Kwai Tsing,22.355943917,114.105849923
Yau Tsim Mong,22.320554124,114.171631153
Kwun Tong,22.313379184,114.222868969
Eastern,22.281672099,114.235854292
Kwun Tong,22.32936289,114.20986244
Sham Shui Po,22.331735034,114.160265992
Sai Kung,22.37449054,114.26495472
Kwun Tong,22.312000425,114.222111492
Sai Kung,22.317792336,114.26794925
North Point,22.495471358,114.13893551
Sha Tin,22.375604457,114.194485153
Sha Tin,22.426023801,114.230327029
Sha Tin,22.381780363,114.201878376
Yuen Long,22.450187357,114.004422802
Yau Tsim Mong,22.294240747,114.171866969
Tsuen Wan,22.367320076,114.113296032
Yuen Long,22.447356733,114.004810037
Kowloon City,22.318515097,114.176059064
Wong Tai Sin,22.344964774,114.193872617
Kwun Tong,22.310861977,114.230013242
Tai Po,22.451004588,114.178262686
Southern,22.224989691,114.197517685
Kwun Tong,22.313652224,114.221745154
Sai Kung,22.322883314,114.271904921
Sai Kung,22.356871097,114.295946923
Kwun Tong,22.329687681,114.225436883
Wan Chai,22.281344612,114.189194679
Tsuen Wan,22.364014135,114.069158251
Tsuen Wan,22.367406716,114.074432637
Tuen Mun,22.372804916,113.956458529
Tsuen Wan,22.350242731,114.061534392
Tuen Mun,22.376580876,113.981297261
Southern,22.231836204,114.25168502
Tsuen Wan,22.36781147,114.076169336
Tuen Mun,22.379388539,113.979876638
Tuen Mun,22.372305688,113.988013533
Tuen Mun,22.375822161,113.983423804
Sai Kung,22.291132008,114.291073098
Southern,22.228710235,114.25069011
Islands,22.239991522,113.975945472
Southern,22.221245336,114.214019354
Sai Kung,22.367845073,114.288236384
Islands,22.228085417,113.935357897
Southern,22.213291785,114.214918262
Southern,22.236862511,114.196142959
Tuen Mun,22.373638079,113.986805793
Islands,22.270144545,113.998982828
Southern,22.244486995,114.187708189
Southern,22.217796086,114.202117818
Islands,22.207118412,114.034481146
Sai Kung,22.357679516,114.267821775
Tsuen Wan,22.364813553,114.070853816
Tsuen Wan,22.367457169,114.086361429
Sai Kung,22.287358579,114.287799871
Southern,22.246442715,114.246980068
Tsuen Wan,22.36475518,114.055859134
Islands,22.218823847,114.119699498
Tsuen Wan,22.369133019,114.079752126
Islands,22.230604709,113.941343199
Islands,22.204461532,114.122714614
Southern,22.233034358,114.223193823
Islands,22.23411375,113.95529568
Islands,22.209330319,114.0307305
Southern,22.224236112,114.214848472
Southern,22.229835469,114.198238121
Kwun Tong,22.303971074,114.226036476
Wong Tai Sin,22.34238515,114.198055291
Yuen Long,22.455658751,114.003454212
Central & Western,22.282931071,114.143577933
Tuen Mun,22.385558796,113.970245809
Tsuen Wan,22.363375084,114.112154101
Wong Tai Sin,22.34587074,114.199590622
Southern,22.244824603,114.155438427
Yuen Long,22.463234091,114.007449693
Sai Kung,22.327238339,114.254007137
Sai Kung,22.382558258,114.274644889
Sha Tin,22.379491635,114.189873331
Kwun Tong,22.322984358,114.215015909
Central & Western,22.28135824,114.165578689
Eastern,22.293483085,114.20149094
Tsuen Wan,22.374749175,114.125072588
Yau Tsim Mong,22.295413877,114.174094068
Wong Tai Sin,22.344845412,114.183847431
Eastern,22.290395756,114.2143695
Kowloon City,22.33165589,114.18982714
Sai Kung,22.380603895,114.26216009
Tai Po,22.451827253,114.179004933
Islands,22.29081439,113.948889162
Sha Tin,22.40883274,114.220409181
Southern,22.244612037,114.152957963
Sham Shui Po,22.338589982,114.170982037
Central & Western,22.277686329,114.155925381
Tuen Mun,22.39193385,113.97344392
Kwai Tsing,22.356164272,114.105872141
Sham Shui Po,22.32409123,114.157411303
Wong Tai Sin,22.339129556,114.204525707
Wong Tai Sin,22.336151228,114.21380222
Sham Shui Po,22.338879041,114.173990323
Yau Tsim Mong,22.300697091,114.154569127
Sai Kung,22.305027078,114.268855175
Southern,22.245122015,114.157875234
Sai Kung,22.325017296,114.252991602
Yau Tsim Mong,22.300117814,114.170210181
Sai Kung,22.314142318,114.260992821
Tsuen Wan,22.367113993,114.112822313
Kwun Tong,22.329842248,114.221806634
Yau Tsim Mong,22.325774763,114.173803254
Eastern,22.282563819,114.188227355
Eastern,22.288404232,114.215524694
Kwai Tsing,22.362360493,114.098812547
Eastern,22.264337912,114.244763308
North Point,22.498922471,114.134111306
Sha Tin,22.427294102,114.231185214
Wan Chai,22.270209226,114.184285169
Eastern,22.26627749,114.238486858
Sham Shui Po,22.339475603,114.136984894
Sai Kung,22.302057347,114.261419382
Kwai Tsing,22.357196125,114.132924581
Sai Kung,22.318774902,114.257656762
Yuen Long,22.442499244,114.018926311
Tung Lung Fort Special Area,22.255482805,114.29593179
Lantau South Country Park,22.213132337,113.903305469
Lantau South Country Park,22.253283425,113.986203173
Lantau South Country Park,22.213268493,113.878021049
Plover Cove Country Park,22.506638325,114.27019608
Sai Kung East Country Park,22.434460699,114.336231623
Pat Sin Leng Country Park,22.487480297,114.242925244
Pat Sin Leng Country Park,22.491394683,114.167078744
Lantau South Country Park,22.251829513,113.99408257
Ma On Shan Country Park,22.402740203,114.275186352
Sai Kung West Country Park,22.406260027,114.32522492
Plover Cove (extension) Country Park,22.540691532,114.441090813
Sai Kung East Country Park,22.359241967,114.365038977
Pat Sin Leng Country Park,22.51459188,114.231851049
Sai Kung East Country Park,22.385532985,114.307749218
Sai Kung West Country Park,22.43669367,114.33372794
Tai Lam Country Park,22.406808053,114.103228093
Sai Kung East Country Park,22.422929202,114.335839645
Sai Kung West Country Park (wan Tsai Extension),22.465081011,114.338102959
Lantau South Country Park,22.20449095,113.863725459
Pat Sin Leng Country Park,22.498411596,114.177778222
Tai Lam Country Park,22.39008946,114.066044311
Lantau South Country Park,22.212059149,113.915178503
Shing Mun Country Park,22.411320876,114.157789636
Lantau South Country Park,22.254904284,113.914218075
Sai Kung West Country Park,22.441025899,114.32672874
Sai Kung East Country Park,22.382201239,114.326918115
Lantau South Country Park,22.228869513,113.889909817
Sai Kung East Country Park,22.402002709,114.3715159
Tai Lam Country Park,22.409960322,114.071700507
Lantau South Country Park,22.237527268,113.988183947
Sai Kung West Country Park,22.426391668,114.311812717
Lantau North Country Park,22.238840093,113.852833365
Sai Kung East Country Park,22.378105681,114.331943508
Tai Mo Shan Country Park,22.405075037,114.105093691
Lantau South Country Park,22.230648929,113.866509425
Sai Kung East Country Park,22.373299358,114.375204468
Lantau South Country Park,22.208659428,113.843679684
Sai Kung West Country Park (wan Tsai Extension),22.461618288,114.342131015
Sai Kung East Country Park,22.409622852,114.37429643
Tai Lam Country Park,22.406005226,114.105201987
Ma On Shan Country Park,22.392944101,114.251163045
Tai Tam Country Park,22.243772333,114.218005516
Shing Mun Country Park,22.378825025,114.143705701
Plover Cove Country Park,22.504567613,114.235940657
Ma On Shan Country Park,22.407348644,114.274885607
Sai Kung West Country Park,22.400447705,114.31851777
Kam Shan Country Park,22.349104587,114.148374523
Pat Sin Leng Country Park,22.483453586,114.243056461
Lantau South Country Park,22.255441546,113.988354958
Pat Sin Leng Country Park,22.496051909,114.180750045
Sai Kung West Country Park,22.458424706,114.325882754
Sai Kung West Country Park,22.395357165,114.28327449
Lion Rock Country Park,22.36375819,114.181457041
Kam Shan Country Park,22.353192981,114.156021897
Aberdeen Country Park,22.256136377,114.163475457
Plover Cove Country Park,22.46847143,114.232985177
Pat Sin Leng Country Park,22.49530588,114.169559524
Tai Tam Country Park (quarry Bay Extension),22.273591351,114.211194137
Clear Warer Bay Country Park,22.290248805,114.29973897
Sai Kung East Country Park,22.436029326,114.336191644
Tai Lam Country Park,22.409147895,114.033362313
Southern,22.21069313,114.197902557
Tai Tam Country Park,22.258820666,114.202184362
Southern,22.240087603,114.249551414
Tai Po,22.471383813,114.232780361
Wong Tai Sin,22.344959196,114.183862969
Islands,22.257874051,113.862139996
Southern,22.23004264,114.257496187
Sha Tin,22.399875216,114.191056155
Sha Tin,22.398883631,114.199325377
Islands,22.223782952,114.126204798
Southern,22.252080063,114.133760693
Islands,22.287043506,114.039956708
Islands,22.200813532,114.018251493
Islands,22.226649098,113.933844324
Tuen Mun,22.373824218,113.958279433
Yuen Long,22.44147834,114.094887459
Tseung Kwan O,22.316683856,114.268704611
Discovery Bay,22.295137047,114.016617825
Aberdeen,22.24840888,114.155454375
Airport,22.302577837,113.929916712
Sai Ying Pun,22.285964564,114.139884003
Ma On Shan,22.424592725,114.232254564
Lamma Island,22.226948852,114.110412731
Cheung Sha Wan,22.338072525,114.146597421
Tsim Sha Tsui,22.29592048,114.173303153
Kowloon City,22.318099073,114.190996414
Kwai Chung,22.355658722,114.12541944
Central,22.283466348,114.159408073
Kwun Tong,22.31566352,114.224277046
Shau Kei Wan,22.282446198,114.232814538
Sheung Shui,22.505346213,114.120776956
Tuen Mun,22.397625511,113.976868603
Peng Chau,22.284392708,114.038521225
Kowloon City,22.329640336,114.18889123
Eastern,22.263574554,114.249552871
Eastern,22.283689284,114.211787548
Kowloon City,22.317142065,114.187987515
Yau Tsim Mong,22.321359682,114.172623087
Southern,22.219156035,114.212207989
Eastern,22.289553048,114.193730037
Central And Western,22.286002612,114.149626468
Central And Western,22.28571982,114.13605113
Kowloon City,22.307271658,114.187355898
North Point,22.494704504,114.138205886
Sha Tin,22.385548619,114.18690538
Wan Chai,22.279602094,114.171838376
Southern,22.249564658,114.15435797
Central And Western,22.286608477,114.155011906
Central & Western,22.277307654,114.16138826
Kwai Tsing,22.354098338,114.106459573
North Point,22.502161648,114.130749595
Wan Chai,22.268945765,114.185752118
Tai Po,22.450911086,114.164205912
Southern,22.244480532,114.155416168
Yau Tsim Mong,22.304436162,114.168256374
Tai Po,22.446125115,114.166576748
Wan Chai,22.279620187,114.173002762
Sai Kung,22.382233641,114.27232681
Tsuen Wan,22.374637308,114.115090964
Kowloon Central,22.30943924,114.170963842
Sham Shui Po,22.329242679,114.161130178
Eastern,22.263325701,114.239976777
Kwai Tsing,22.363128814,114.131543073
Central And Western,22.281942985,114.128638843
Yuen Long,22.44495014,114.022702538
Wan Chai,22.274418531,114.172740926
Yau Tsim Mong,22.321882903,114.162790751
Central And Western,22.281813976,114.129075539
Eastern,22.292252516,114.199397552
Wan Chai,22.278075986,114.17541888
Wah Fu,22.25061771,114.13614861
Mui Wo,22.266111266,113.99797404
Hong Kong East,22.284182797,114.224285823
Yau Tsim Mong,22.320781662,114.170701304
Cheung Chau,22.206819435,114.028346375
Kwun Tong,22.309548082,114.229836108
Sham Shui Po,22.331735034,114.160265992
Tuen Mun,22.376580876,113.981297261
Sai Kung,22.356871097,114.295946923
Southern,22.224989691,114.197517685
Tuen Mun,22.375822161,113.983423804
Tsuen Wan,22.364014135,114.069158251
Tuen Mun,22.379388539,113.979876638
Sai Kung,22.291132008,114.291073098
Southern,22.228710235,114.25069011
Islands,22.239991522,113.975945472
Southern,22.221245336,114.214019354
Southern,22.213291785,114.214918262
Sai Kung,22.367845073,114.288236384
Islands,22.270144545,113.998982828
Sai Kung,22.357679516,114.267821775
Southern,22.217796086,114.202117818
Southern,22.244486995,114.187708189
Tsuen Wan,22.364813553,114.070853816
Tsuen Wan,22.367457169,114.086361429
Southern,22.246442715,114.246980068
Islands,22.230604709,113.941343199
Islands,22.204461532,114.122714614
Southern,22.233034358,114.223193823
Southern,22.224236112,114.214848472
Kowloon City,22.329640336,114.18889123
Southern,22.229835469,114.198238121
Kwun Tong,22.31566352,114.224277046
Eastern,22.283689284,114.211787548
Central And Western,22.28571982,114.13605113
Kowloon City,22.307271658,114.187355898
Sha Tin,22.385548619,114.18690538
Wan Chai,22.279602094,114.171838376
Southern,22.249564658,114.15435797
Wan Chai,22.268945765,114.185752118
Tai Po,22.450911086,114.164205912
Southern,22.244480532,114.155416168
Wan Chai,22.279620187,114.173002762
Tai Po,22.446125115,114.166576748
Tsuen Wan,22.374637308,114.115090964
Kwai Tsing,22.363128814,114.131543073
Central And Western,22.281942985,114.128638843
Yau Tsim Mong,22.320781662,114.170701304
Kowloon East,22.309548082,114.229836108
Sham Shui Po,22.331735034,114.160265992
Wan Chai,22.279602094,114.171838376
Sha Tin,22.385548619,114.18690538
Wan Chai,22.279620187,114.173002762
Tai Po,22.450911086,114.164205912
Sham Shui Po,22.331735034,114.160265992
Sha Tin,22.385548619,114.18690538
Wan Chai,22.279620187,114.173002762
Sham Shui Po,22.331735034,114.160265992
Wan Chai,22.279620187,114.173002762
Islands,22.218823847,114.119699498
Tsuen Wan,22.36475518,114.055859134
Sheung Shui,22.503293,114.133624
Sheung Shui,22.497486,114.12596
Sheung Shui,22.500743,114.125774
Sheung Shui,22.503768,114.129241
Sheung Shui,22.50435,114.126826
Sheung Shui,22.504159,114.127748
Sheung Shui,22.504642,114.130046
Sheung Shui,22.503022,114.127966
Sheung Shui,22.502036,114.129039
Sheung Shui,22.500943,114.129327
Sheung Shui,22.501228,114.131808
Sheung Shui,22.501535,114.127452
Sheung Wan,22.28791,114.151791
Sheung Wan,22.286661,114.150975
Sheung Wan,22.285965,114.151797
Sheung Wan,22.286219,114.152878
Sheung Wan,22.287046,114.14769
Sheung Wan,22.285516,114.147574
Sheung Wan,22.285255,114.150724
Sheung Wan,22.28304,114.149811
Sheung Wan,22.285714,114.149997
Sheung Wan,22.28469,114.141083
Sheung Wan,22.284073,114.150921
Sheung Wan,22.286562,114.151865
Sheung Wan,22.286456,114.151919
Sheung Wan,22.286463,114.153689
Sheung Wan,22.28791,114.151791
Sheung Wan,22.285072,114.14083
Central,22.282396,114.152301
Central,22.284416,114.153287
Central,22.28153,114.152665
Central,22.280089,114.150833
Central,22.2823,114.155091
Central,22.280702,114.155117
Central,22.281396,114.156244
Central,22.285606,114.154255
Central,22.283662,114.156801
Central,22.284144,114.15485
Central,22.283074,114.152641
Central,22.282791,114.153956
Central,22.283575,114.154884
Central,22.280623,114.155008
Central,22.280374,114.153798
Central,22.281731,114.151531
Central,22.281029,114.155688
Central,22.281988,114.157777
Central,22.284954,114.157731
Central,22.284937,114.157747
Central,22.284545,114.158445
Central,22.284644,114.158075
Central,22.286818,114.161076
Central,22.282784,114.157597
Central,22.282617,114.156554
Central,22.28107,114.159483
Central,22.285374,114.158496
Kowloon City,22.32876,114.189951
Kowloon City,22.327445,114.18753
Kowloon City,22.330799,114.192895
Kowloon City,22.330391,114.188224
Kowloon City,22.329093,114.187792
Kowloon City,22.329106,114.189417
Kowloon City,22.333917,114.192563
Kowloon City,22.330988,114.188216
Kowloon Tong,22.339563,114.180844
Kowloon Tong,22.336858,114.175887
Kowloon Tong,22.336401,114.176525
Kowloon Tong,22.337126,114.175571
Kowloon Tong,22.337121,114.175969
Kowloon Tong,22.337156,114.175946
Kowloon Tong,22.336788,114.176053
Kowloon Bay,22.322352,114.210583
Kowloon Bay,22.329018,114.209844
Kowloon Bay,22.334114,114.21483
Kowloon Bay,22.323814,114.216199
Kowloon Bay,22.321857,114.215938
Kowloon Bay,22.320244,114.215664
Kowloon Bay,22.326064,114.215328
Kowloon Bay,22.326421,114.205521
Kowloon Bay,22.32415,114.208426
Kowloon Bay,22.321097,114.209422
Kowloon Bay,22.319928,114.208818
Kowloon Bay,22.323899,114.204176
Kowloon Bay,22.324155,114.210426
Kowloon Bay,22.326371,114.217582
Kowloon Bay,22.323361,114.214082
Kowloon Bay,22.324254,114.213889
Jordan,22.308286,114.169846
Jordan,22.305031,114.170479
Jordan,22.305828,114.168877
Jordan,22.305824,114.172221
Jordan,22.306006,114.170588
Jordan,22.304144,114.170862
Jordan,22.304905,114.172266
Jordan,22.304069,114.172303
Jordan,22.307779,114.165904
Jordan,22.307298,114.166741
Jordan,22.303164,114.1725
Jordan,22.306925,114.171827
Jordan,22.305145,114.169342
Jordan,22.3079,114.171991
Jordan,22.306063,114.171961
Jordan,22.304085,114.169015
Jordan,22.303313,114.169899
Jordan,22.303165,114.174278
Jordan,22.308696,114.174685
Jordan,22.307737,114.167693
Homantin,22.316186,114.181892
Homantin,22.314552,114.177936
Homantin,22.316186,114.181892
Yuen Long,22.445188,114.030259
Yuen Long,22.4429,114.029613
Yuen Long,22.444377,114.026348
Yuen Long,22.486421,114.054016
Yuen Long,22.444202,114.031241
Yuen Long,22.441608,114.031036
Yuen Long,22.446331,114.021567
Yuen Long,22.445936,114.02616
Yuen Long,22.446245,114.029428
Yuen Long,22.444065,114.027755
Yuen Long,22.445829,114.024728
Yuen Long,22.443178,114.024067
Yuen Long,22.442603,114.028452
Yuen Long,22.442834,114.026013
Yuen Long,22.432512,113.997989
Yuen Long,22.442001,114.027754
Yuen Long,22.477546,114.045473
Yuen Long,22.444747,114.024665
Yuen Long,22.442079,114.025171
Yuen Long,22.440633,114.021398
Yuen Long,22.442071,114.033685
Yuen Long,22.442134,114.03254
Yuen Long,22.440404,114.076605
Yuen Long,22.446143,114.035012
Yuen Long,22.435079,114.06325
Yuen Long,22.433839,114.063921
Yuen Long,22.446945,114.023179
Yuen Long,22.443612,114.036625
Yuen Long,22.429902,114.023092
Yuen Long,22.444967,114.027012
Yuen Long,22.442436,114.053952
Yuen Long,22.420483,114.062501
Yuen Long,22.463049,114.053151
Yuen Long,22.447415,114.024718
Yuen Long,22.446076,114.033714
Yuen Long,22.445972,114.034508
Yuen Long,22.447608,114.024112
North Point,22.290563,114.201132
North Point,22.290928,114.196858
North Point,22.292201,114.195278
North Point,22.291764,114.198427
North Point,22.292121,114.199408
North Point,22.289854,114.195231
North Point,22.290469,114.198748
North Point,22.291639,114.203221
North Point,22.290911,114.194982
North Point,22.287487,114.192169
North Point,22.287526,114.191612
North Point,22.284882,114.191802
North Point,22.288146,114.193322
North Point,22.292343,114.201572
North Point,22.291432,114.200458
North Point,22.283358,114.191857
North Point,22.283582,114.153016
North Point,22.293747,114.199845
North Point,22.291062,114.199963
North Point,22.290759,114.202328
North Point,22.28571,114.196294
North Point,22.289489,114.193922
North Point,22.284742,114.199578
North Point,22.287528,114.193654
Mid-Level,22.270397,114.149923
Southern,22.237174,114.197146
Southern,22.2187,114.212649
To Kwa Wan,22.32032,114.188142
To Kwa Wan,22.317854,114.191132
To Kwa Wan,22.313433,114.189341
To Kwa Wan,22.317865,114.186278
To Kwa Wan,22.309127,114.183673
To Kwa Wan,22.316485,114.189401
To Kwa Wan,22.322022,114.188384
To Kwa Wan,22.313493,114.187783
To Kwa Wan,22.315284,114.187292
To Kwa Wan,22.319063,114.193362
To Kwa Wan,22.321908,114.189779
To Kwa Wan,22.32339,114.189243
To Kwa Wan,22.32243,114.187455
To Kwa Wan,22.325083,114.188115
Tai Wai,22.378,114.176062
Tai Wai,22.374651,114.176331
Tai Wai,22.374375,114.177381
Tai Wai,22.369476,114.178027
Tai Wai,22.367607,114.175625
Tai Wai,22.375734,114.177909
Tai Wai,22.378011,114.176166
Tai Wai,22.365088,114.175428
Tai Wai,22.377936,114.194003
Tai Wai,22.372728,114.178848
Tai Wai,22.373653,114.197203
Tai Wai,22.372718,114.178698
Tai Po,22.452738,114.166947
Tai Po,22.449538,114.163861
Tai Po,22.483976,114.141056
Tai Po,22.447682,114.167461
Tai Po,22.447641,114.166193
Tai Po,22.451341,114.162111
Tai Po,22.450548,114.160647
Tai Po,22.453216,114.167647
Tai Po,22.452262,114.170201
Tai Po,22.452603,114.171987
Tai Po,22.452648,114.168911
Tai Po,22.454118,114.174728
Tai Po,22.454108,114.174718
Tai Po,22.448275,114.174275
Tai Po,22.447592,114.168854
Tai Po,22.448462,114.167404
Tai Po,22.448273,114.166206
Tai Po,22.452742,114.163216
Tai Po,22.453442,114.164888
Tai Po,22.442249,114.167336
Tai Po,22.444514,114.16946
Tai Po,22.444418,114.170997
Tai Po,22.462444,114.152219
Tai Po,22.44829,114.174218
Tai Po,22.443431,114.169234
Tai Po,22.431138,114.206026
Tai Po,22.469032,114.194227
Tai Po,22.450749,114.161186
University,22.321702,114.177987
Lantau Island,22.310096,114.000903
Lantau Island,22.296795,114.017621
Lantau Island,22.264134,114.00186
Lantau Island,22.296641,113.921034
Lantau Island,22.308129,114.016301
Lantau Island,22.256099,113.902954
Lantau Island,22.26554,113.996977
Lantau Island,22.308105,114.016605
Lantau Island,22.315426,114.039918
Lantau Island,22.319723,114.037389
Tai Kok Tsui,22.319849,114.165625
Tai Kok Tsui,22.322102,114.16161
Tai Kok Tsui,22.321257,114.161167
Tai Kok Tsui,22.319765,114.162607
Tai Kok Tsui,22.320835,114.164534
Tai Kok Tsui,22.324539,114.160445
Tai Kok Tsui,22.320646,114.161724
Tin Shui Wai,22.452789,114.000417
Tin Shui Wai,22.45733,114.004644
Tin Shui Wai,22.451716,114.001506
Tin Shui Wai,22.45855,114.001731
Tin Shui Wai,22.468318,114.000076
Tin Shui Wai,22.468187,114.000353
Tin Shui Wai,22.457916,114.002851
Tin Shui Wai,22.457916,114.002851
Tin Shui Wai,22.45329,114.007383
Tin Shui Wai,22.462328,114.003367
Tin Shui Wai,22.450758,114.004356
Tin Shui Wai,22.468242,113.99884
Tin Shui Wai,22.456017,113.998373
Tin Shui Wai,22.461254,113.99648
Tin Shui Wai,22.461563,113.997788
Tin Shui Wai,22.448265,114.004845
Tin Shui Wai,22.448277,114.004633
Tin Shui Wai,22.457271,114.004751
Tin Shui Wai,22.465475,113.998969
Tin Shui Wai,22.461172,113.998038
Tai Koo Shing,22.285974,114.218416
Tai Koo Shing,22.285279,114.220157
Tai Koo Shing,22.284654,114.21633
Tai Koo Shing,22.286399,114.220274
Tai Koo Shing,22.283681,114.215401
Prince Edward,22.324847,114.167356
Prince Edward,22.324366,114.167655
Prince Edward,22.324071,114.168224
Prince Edward,22.324631,114.168248
Tseung Kwan O,22.303818,114.250233
Tseung Kwan O,22.31558,114.264379
Tseung Kwan O,22.316094,114.262367
Tseung Kwan O,22.305987,114.251182
Tseung Kwan O,22.310974,114.261177
Tseung Kwan O,22.317274,114.264773
Tseung Kwan O,22.306734,114.262383
Tseung Kwan O,22.320646,114.266524
Tseung Kwan O,22.325294,114.25619
Tseung Kwan O,22.306504,114.263081
Tseung Kwan O,22.32085,114.261568
Tseung Kwan O,22.323917,114.254519
Tseung Kwan O,22.322686,114.249138
Tseung Kwan O,22.322671,114.255324
Tseung Kwan O,22.313879,114.265714
Tseung Kwan O,22.310416,114.256385
Tseung Kwan O,22.322448,114.257813
Tseung Kwan O,22.307798,114.25913
Tseung Kwan O,22.314742,114.265747
Tseung Kwan O,22.31444,114.263394
Tseung Kwan O,22.323681,114.257452
Tseung Kwan O,22.32246,114.256965
Tseung Kwan O,22.304566,114.251152
Tseung Kwan O,22.320683,114.256649
Tseung Kwan O,22.319694,114.252593
Tseung Kwan O,22.30605,114.251123
Tseung Kwan O,22.31558,114.264421
Tseung Kwan O,22.322468,114.257877
Tseung Kwan O,22.307322,114.260001
Tseung Kwan O,22.307542,114.260554
Tseung Kwan O,22.295916,114.269528
Tseung Kwan O,22.295728,114.268852
Tseung Kwan O,22.303708,114.252148
Siu Sai Wan,22.266461,114.250015
Tsim Sha Tsui,22.302591,114.172018
Tsim Sha Tsui,22.295869,114.172871
Tsim Sha Tsui,22.297257,114.172639
Tsim Sha Tsui,22.298561,114.173967
Tsim Sha Tsui,22.298219,114.173312
Tsim Sha Tsui,22.300865,114.178202
Tsim Sha Tsui,22.297072,114.170676
Tsim Sha Tsui,22.302609,114.175472
Tsim Sha Tsui,22.2947,114.169015
Tsim Sha Tsui,22.297612,114.171393
Tsim Sha Tsui,22.298007,114.173865
Tsim Sha Tsui,22.297072,114.175194
Tsim Sha Tsui,22.300959,114.176194
Tsim Sha Tsui,22.296077,114.171408
Tsim Sha Tsui,22.297949,114.174195
Tsim Sha Tsui,22.300337,114.173011
Tsim Sha Tsui,22.301793,114.175515
Tsim Sha Tsui,22.296842,114.173336
Tsim Sha Tsui,22.29714,114.172244
Tsim Sha Tsui,22.300823,114.173522
Tsim Sha Tsui,22.293824,114.168605
Tsim Sha Tsui,22.300254,114.167433
Tsim Sha Tsui,22.297634,114.172202
Tsim Sha Tsui,22.297564,114.172143
Tsim Sha Tsui,22.297574,114.17218
Tsim Sha Tsui,22.303622,114.166875
Tsim Sha Tsui,22.304969,114.166338
Tsim Sha Tsui East,22.299704,114.177468
Tsim Sha Tsui East,22.29801,114.176815
Tsim Sha Tsui East,22.298418,114.178184
Tsim Sha Tsui East,22.300215,114.178212
Tsim Sha Tsui East,22.295006,114.175133
Tuen Mun,22.406396,113.962818
Tuen Mun,22.425964,113.999436
Tuen Mun,22.402451,113.977825
Tuen Mun,22.381275,113.977948
Tuen Mun,22.396536,113.976926
Tuen Mun,22.38472,113.976771
Tuen Mun,22.396262,113.974967
Tuen Mun,22.399979,113.972517
Tuen Mun,22.38756,113.975718
Tuen Mun,22.393948,113.976205
Tuen Mun,22.396631,113.966278
Tuen Mun,22.398932,113.966825
Tuen Mun,22.393209,113.977506
Tuen Mun,22.381151,113.964367
Tuen Mun,22.402352,113.979807
Tuen Mun,22.373852,113.969189
Tuen Mun,22.372567,113.966378
Tuen Mun,22.373568,113.962322
Tuen Mun,22.400526,113.971001
Tuen Mun,22.407691,113.968327
Tuen Mun,22.418775,113.985545
Tuen Mun,22.398663,113.975113
Tuen Mun,22.407505,113.976677
Tuen Mun,22.37146,113.992739
Tuen Mun,22.385692,113.980365
Tuen Mun,22.388158,113.978938
Tuen Mun,22.388998,113.978616
Tuen Mun,22.384097,113.96675
Tuen Mun,22.382513,113.966183
Tuen Mun,22.366195,114.058911
Tuen Mun,22.39488,113.973112
Tuen Mun,22.410984,113.978519
Tuen Mun,22.400547,113.97437
Tuen Mun,22.392157,113.975864
Tuen Mun,22.395395,113.973906
Tuen Mun,22.395991,113.969538
Tuen Mun,22.382541,113.977783
Tuen Mun,22.367231,114.012972
Tuen Mun,22.374663,113.963247
Tuen Mun,22.384158,113.974356
Tuen Mun,22.367742,114.060915
Tuen Mun,22.411896,113.978562
Tuen Mun,22.394469,113.973026
Choi Hung,22.333553,114.209224
Choi Hung,22.329623,114.205987
Choi Hung,22.342703,114.208272
Choi Hung,22.33461,114.206708
Choi Hung,22.335256,114.218292
Choi Hung,22.332804,114.214699
Choi Hung,22.340605,114.210513
Choi Hung,22.333995,114.209801
Choi Hung,22.33154,114.20292
Choi Hung,22.334833,114.209189
Tsz Wan Shan,22.344578,114.197701
Tsz Wan Shan,22.34821,114.200598
Tsz Wan Shan,22.347023,114.201759
Tsz Wan Shan,22.348217,114.200536
Tsz Wan Shan,22.343711,114.198311
San Po Kong,22.336,114.202473
San Po Kong,22.337099,114.197533
San Po Kong,22.335226,114.195684
San Po Kong,22.334487,114.19571
San Po Kong,22.334683,114.197509
San Po Kong,22.336325,114.194978
San Po Kong,22.337434,114.195129
San Po Kong,22.337167,114.198196
Mong Kok,22.318713,114.158643
Mong Kok,22.319741,114.170333
Mong Kok,22.321147,114.167948
Mong Kok,22.316304,114.168683
Mong Kok,22.317044,114.168574
Mong Kok,22.323024,114.167214
Mong Kok,22.319704,114.171091
Mong Kok,22.324083,114.167577
Mong Kok,22.318747,114.17171
Mong Kok,22.315977,114.172711
Mong Kok,22.322149,114.169688
Mong Kok,22.319909,114.169713
Mong Kok,22.320274,114.167128
Mong Kok,22.317914,114.168744
Mong Kok,22.314386,114.167832
Mong Kok,22.323655,114.169876
Mong Kok,22.318083,114.171832
Mong Kok,22.315587,114.164389
Mong Kok,22.315009,114.169373
Mong Kok,22.317487,114.168915
Mong Kok,22.31853,114.169063
Mong Kok,22.317764,114.174613
Mong Kok,22.318378,114.175096
Mong Kok,22.316973,114.171468
Mong Kok,22.31963,114.169958
Mong Kok,22.316902,114.172583
Mong Kok,22.321391,114.170301
Mong Kok,22.31836,114.170662
Mong Kok,22.319761,114.170448
Mong Kok,22.325594,114.17001
Mong Kok,22.315914,114.169338
Mong Kok,22.316713,114.161513
Mong Kok,22.318761,114.174918
Mong Kok,22.319222,114.169375
Mong Kok,22.324837,114.17178
Mong Kok,22.32283,114.172776
Mong Kok,22.322924,114.172583
Mong Kok,22.318091,114.160051
Mong Kok,22.321733,114.17262
Tung Chung,22.288868,113.939692
Tung Chung,22.281452,113.93496
Tung Chung,22.288871,113.943569
Tung Chung,22.289548,113.941602
Tung Chung,22.289506,113.941682
Tung Chung,22.289121,113.94129
Chai Wan,22.27696,114.239605
Chai Wan,22.262581,114.251914
Chai Wan,22.265095,114.248152
Chai Wan,22.264073,114.237033
Chai Wan,22.264105,114.239671
Chai Wan,22.263889,114.240239
Chai Wan,22.269452,114.236375
Chai Wan,22.26686,114.235195
Chai Wan,22.26569,114.240954
Chai Wan,22.26309,114.239032
Chai Wan,22.267568,114.23294
Chai Wan,22.262141,114.235411
Chai Wan,22.277636,114.238951
Chai Wan,22.260642,114.231076
Chai Wan,22.263321,114.235118
Chai Wan,22.262698,114.235899
Lok Fu,22.337567,114.187335
Lok Fu,22.340909,114.187252
Airport,22.298909,113.92874
Airport,22.316503,113.934362
Airport,22.314885,113.934329
Airport,22.307619,113.917215
Airport,22.314148,113.930812
Airport,22.31482,113.933807
Airport,22.297663,113.924586
Airport,22.294914,113.925959
Airport,22.321207,113.943833
Airport,22.303808,113.901851
Airport,22.318205,113.944034
Shatin,22.376354,114.19083
Shatin,22.375443,114.19405
Shatin,22.384114,114.197978
Shatin,22.383852,114.2146
Shatin,22.381637,114.215334
Shatin,22.381994,114.205241
Shatin,22.369856,114.186391
Shatin,22.37213,114.183159
Shatin,22.377398,114.193874
Shatin,22.379572,114.196473
Shatin,22.377688,114.194207
Shatin,22.381463,114.195569
Shatin,22.384747,114.190569
Shatin,22.399852,114.201808
Shatin,22.387639,114.195548
Shatin,22.3875,114.195478
Shatin,22.373169,114.18682
Shatin,22.373018,114.177179
Shatin,22.379956,114.199091
Shatin,22.365465,114.178371
Shatin,22.397364,114.193484
Shatin,22.386577,114.203637
Shatin,22.379394,114.186832
Shatin,22.382989,114.190639
Shatin,22.382545,114.190489
Shatin,22.376924,114.194647
Shatin,22.376793,114.194719
Shatin,22.382579,114.18745
Shatin,22.382559,114.187099
Shatin,22.374648,114.185978
Yau Tong,22.298031,114.23687
Yaumatei,22.307226,114.170252
Yaumatei,22.306734,114.169445
Yaumatei,22.307352,114.170828
Yaumatei,22.308409,114.170619
Yaumatei,22.311422,114.170763
Yaumatei,22.310897,114.168911
Yaumatei,22.31392,114.169987
Yaumatei,22.313894,114.171065
Yaumatei,22.312807,114.169168
Yaumatei,22.310828,114.171315
Yaumatei,22.312852,114.165254
Yaumatei,22.304364,114.161564
Yaumatei,22.305227,114.161028
Yaumatei,22.30519,114.162211
Sham Shui Po,22.329941,114.166369
Sham Shui Po,22.33097,114.161609
Sham Shui Po,22.334497,114.160703
Sham Shui Po,22.331314,114.164851
Sham Shui Po,22.33218,114.163201
Sham Shui Po,22.329942,114.16263
Sham Shui Po,22.3309,114.163466
Sham Shui Po,22.328004,114.160819
Sham Shui Po,22.329588,114.163289
Sham Shui Po,22.330817,114.165928
Sham Shui Po,22.332376,114.156141
Sham Shui Po,22.332751,114.162375
Sham Shui Po,22.330632,114.160286
Sham Shui Po,22.329886,114.161241
Sham Shui Po,22.326297,114.166392
Sham Shui Po,22.333267,114.166534
Sham Shui Po,22.331964,114.161985
Sham Shui Po,22.332502,114.16133
Sham Shui Po,22.328529,114.16551
Sham Shui Po,22.338717,114.156201
Sham Shui Po,22.336516,114.160792
Sham Shui Po,22.326651,114.168018
Sham Shui Po,22.331658,114.163318
Sham Shui Po,22.3268,114.15705
Sham Shui Po,22.326006,114.16349
Sham Shui Po,22.32831,114.16121
Sham Shui Po,22.329655,114.159472
Sham Shui Po,22.336072,114.159704
Sham Shui Po,22.331003,114.161832
Sham Shui Po,22.331018,114.15982
Sham Shui Po,22.327663,114.152938
Sham Shui Po,22.327668,114.152992
Sham Shui Po,22.327316,114.153083
Sham Shui Po,22.331062,114.161832
Wan Chai,22.279269,114.176401
Wan Chai,22.278251,114.179954
Wan Chai,22.277405,114.179939
Wan Chai,22.275318,114.172474
Wan Chai,22.279276,114.179815
Wan Chai,22.281093,114.175612
Wan Chai,22.276796,114.17667
Wan Chai,22.277629,114.178443
Wan Chai,22.276965,114.168713
Wan Chai,22.278701,114.171969
Wan Chai,22.274132,114.174181
Wan Chai,22.277452,114.176582
Wan Chai,22.277167,114.170462
Wan Chai,22.277256,114.174868
Wan Chai,22.276955,114.173609
Wan Chai,22.277541,114.172033
Wan Chai,22.278617,114.178189
Wan Chai,22.279094,114.179861
Wan Chai,22.278197,114.173218
Wan Chai,22.27801,114.170549
Wan Chai,22.277944,114.171059
Wan Chai,22.279717,114.173065
Wan Chai,22.280459,114.176802
Wan Chai,22.277186,114.177585
Wan Chai,22.281036,114.174868
Wan Chai,22.276071,114.170356
Wan Chai,22.278099,114.17622
Fo Tan,22.397388,114.196139
Fo Tan,22.394833,114.198026
Fo Tan,22.395818,114.198589
Ngau Tau Kok,22.316778,114.21662
Ngau Tau Kok,22.329559,114.213363
Ngau Tau Kok,22.321644,114.220026
Ngau Tau Kok,22.31612,114.219128
Ngau Tau Kok,22.315329,114.220495
Ngau Tau Kok,22.320805,114.21972
Ngau Tau Kok,22.327425,114.21678
Ngau Tau Kok,22.3156,114.219033
Shek Kip Mei,22.334887,114.165381
Shek Kip Mei,22.333965,114.167344
Shek Kip Mei,22.332355,114.16544
Shek Kip Mei,22.340277,114.164418
Shek Kip Mei,22.331722,114.168795
Shek Kip Mei,22.331762,114.168817
Sau Mau Ping,22.319465,114.232047
Sau Mau Ping,22.320761,114.229338
Sau Mau Ping,22.322187,114.230792
Sau Mau Ping,22.331201,114.226286
Sau Mau Ping,22.32672,114.225985
Shau Kei Wan,22.278527,114.228719
Shau Kei Wan,22.281055,114.228716
Shau Kei Wan,22.281762,114.221396
Shau Kei Wan,22.279425,114.229878
Shau Kei Wan,22.278457,114.226632
Shau Kei Wan,22.277372,114.224135
Shau Kei Wan,22.280592,114.223464
Shau Kei Wan,22.277724,114.229739
Shau Kei Wan,22.279129,114.228973
Shau Kei Wan,22.278679,114.229901
Shau Kei Wan,22.280719,114.220011
Fanling,22.487544,114.14274
Fanling,22.487908,114.14195
Fanling,22.487184,114.143212
Fanling,22.500555,114.14375
Fanling,22.498368,114.142008
Fanling,22.499558,114.141356
Fanling,22.485072,114.141145
Fanling,22.492318,114.145375
Fanling,22.496506,114.138726
Fanling,22.499232,114.142327
Fanling,22.492099,114.138744
Fanling,22.492389,114.139498
Fanling,22.500876,114.1441
Fanling,22.501037,114.146127
Fanling,22.482615,114.13864
Fanling,22.49249,114.138433
Hung Hom,22.31503,114.189591
Hung Hom,22.312092,114.189289
Hung Hom,22.307475,114.186224
Hung Hom,22.305403,114.190382
Hung Hom,22.307668,114.18874
Hung Hom,22.312183,114.187352
Hung Hom,22.307789,114.184784
Hung Hom,22.309351,114.188622
Hung Hom,22.309233,114.191398
Hung Hom,22.305822,114.186031
Hung Hom,22.307058,114.18612
Hung Hom,22.306216,114.187707
Hung Hom,22.303907,114.180889
Hung Hom,22.303835,114.188886
Hung Hom,22.306174,114.18517
Hung Hom,22.304269,114.179255
Hung Hom,22.303128,114.18344
Hung Hom,22.303043,114.182468
Hung Hom,22.304884,114.189116
Hung Hom,22.305715,114.187931
Hung Hom,22.30331,114.184854
Lo Wu,22.529147,114.113408
Mei Foo,22.338815,114.139318
Mei Foo,22.335912,114.1408
Mei Foo,22.338776,114.139377
Mei Foo,22.334061,114.142194
Mei Foo,22.337692,114.136405
Tsuen Wan,22.372221,114.117251
Tsuen Wan,22.371085,114.112113
Tsuen Wan,22.368777,114.123243
Tsuen Wan,22.368273,114.123772
Tsuen Wan,22.372605,114.115748
Tsuen Wan,22.370572,114.116248
Tsuen Wan,22.370107,114.115821
Tsuen Wan,22.361879,114.114488
Tsuen Wan,22.376324,114.111696
Tsuen Wan,22.373574,114.11241
Tsuen Wan,22.366484,114.117808
Tsuen Wan,22.36632,114.118156
Tsuen Wan,22.367939,114.113874
Tsuen Wan,22.369937,114.113582
Tsuen Wan,22.372705,114.111537
Tsuen Wan,22.3684,114.117777
Tsuen Wan,22.372294,114.115253
Tsuen Wan,22.362362,114.113294
Tsuen Wan,22.370112,114.11103
Tsuen Wan,22.371408,114.118897
Tsuen Wan,22.369398,114.116546
Tsuen Wan,22.363831,114.114301
Tsuen Wan,22.369071,114.121444
Tsuen Wan,22.37685,114.104079
Tsuen Wan,22.376701,114.10674
Tsuen Wan,22.378953,114.108135
Tsuen Wan,22.370054,114.119921
Tsuen Wan,22.369245,114.120698
Tsuen Wan,22.372637,114.101919
Tsuen Wan,22.369675,114.117761
Tsuen Wan,22.370754,114.099318
Tsuen Wan,22.367499,114.110597
Tsuen Wan,22.37808,114.136782
Tsuen Wan,22.368746,114.113
Tsuen Wan,22.364309,114.113772
Tsuen Wan,22.372439,114.107555
Tsuen Wan,22.368619,114.121386
Tsuen Wan,22.370121,114.120783
Tsuen Wan,22.373611,114.11778
Tsuen Wan,22.373355,114.118311
Tsuen Wan,22.368338,114.109964
Tsuen Wan,22.368546,114.109862
Tsuen Wan,22.373801,114.116345
Lai Chi Kok,22.332474,114.146855
Lai Chi Kok,22.340819,114.13362
Lai Chi Kok,22.334333,114.147142
Lai Chi Kok,22.337727,114.146341
Lai Chi Kok,22.332901,114.146324
Lai Chi Kok,22.334657,114.149158
Lok Ma Chau,22.514321,114.06568
Lok Ma Chau,22.51442,114.065756
Lok Ma Chau,22.51447,114.065584
Lok Ma Chau,22.514435,114.065514
Lok Ma Chau,22.515074,114.065627
Kwai Chung,22.348617,114.126467
Kwai Chung,22.360325,114.127005
Kwai Chung,22.370257,114.138359
Kwai Chung,22.36698,114.138963
Kwai Chung,22.371184,114.141799
Kwai Chung,22.36268,114.133867
Kwai Chung,22.341809,114.137682
Kwai Chung,22.365768,114.13935
Kwai Chung,22.369665,114.139683
Kwai Chung,22.34554,114.128398
Kwai Chung,22.367496,114.132834
Kwai Chung,22.367589,114.127725
Kwai Chung,22.364285,114.127422
Kwai Chung,22.36078,114.12238
Kwai Chung,22.360073,114.128989
Kwai Chung,22.367249,114.135366
Kwai Chung,22.353916,114.130783
Kwai Chung,22.366606,114.132977
Kwai Chung,22.357126,114.127397
Kwai Chung,22.357686,114.129764
Kwai Chung,22.362904,114.131534
Kwai Chung,22.359235,114.127284
Kwai Chung,22.365875,114.139393
Kwai Chung,22.371558,114.138592
Kwai Chung,22.343107,114.123498
Kwai Chung,22.348613,114.130347
Kwai Chung,22.361519,114.132585
Kwai Chung,22.361779,114.124239
Kwai Chung,22.363857,114.131653
Kwai Chung,22.363064,114.13118
Kwai Chung,22.356719,114.127677
Kwai Chung,22.348369,114.126148
Kwai Chung,22.357086,114.127929
Lam Tin,22.302515,114.240131
Lam Tin,22.308493,114.234783
Lam Tin,22.305982,114.237272
Lam Tin,22.310903,114.238071
Lam Tin,22.312443,114.237982
Lam Tin,22.292573,114.23765
Lam Tin,22.296417,114.239561
Lam Tin,22.296417,114.239561
Lam Tin,22.307071,114.233552
Lam Tin,22.308635,114.234778
Lam Tin,22.302888,114.2397
Lam Tin,22.310041,114.237991
Lam Tin,22.30848,114.232251
Sai Wan Ho,22.281584,114.223113
Sai Wan Ho,22.28366,114.220985
Sai Wan Ho,22.284339,114.223327
Sai Wan Ho,22.283448,114.223767
Sai Wan Ho,22.28217,114.221884
Western,22.282759,114.126896
Western,22.282188,114.128468
Western,22.287888,114.1445
Western,22.286656,114.136766
Western,22.285668,114.1348
Western,22.287096,114.133787
Western,22.287552,114.142194
Western,22.286874,114.143267
Western,22.283644,114.130926
Western,22.282344,114.127324
Western,22.287242,114.138692
Western,22.286656,114.136766
Western,22.286251,114.138873
Western,22.285539,114.141961
Western,22.281165,114.128247
Western,22.281066,114.127636
Western,22.287816,114.144076
Western,22.287856,114.144285
Western,22.280824,114.128055
Western,22.285179,114.133193
Western,22.287838,114.139546
Western,22.285693,114.138807
Western,22.282551,114.128933
Western,22.286673,114.141683
Sai Kung,22.380077,114.272342
Sai Kung,22.38061,114.270862
Sai Kung,22.330685,114.26235
Sai Kung,22.381835,114.273424
Sai Kung,22.382145,114.27181
Sai Kung,22.356521,114.251815
Kwun Tong,22.320638,114.233671
Kwun Tong,22.315004,114.230089
Kwun Tong,22.315026,114.222902
Kwun Tong,22.314314,114.229848
Kwun Tong,22.316501,114.226094
Kwun Tong,22.312879,114.220335
Kwun Tong,22.31394,114.22127
Kwun Tong,22.315586,114.223903
Kwun Tong,22.313409,114.2247
Kwun Tong,22.311199,114.226001
Kwun Tong,22.312698,114.224236
Kwun Tong,22.311199,114.22131
Kwun Tong,22.306758,114.228241
Kwun Tong,22.307869,114.223588
Kwun Tong,22.331915,114.22134
Kwun Tong,22.312165,114.226299
Kwun Tong,22.317741,114.236113
Kwun Tong,22.315813,114.214159
Kwun Tong,22.312354,114.22524
Kwun Tong,22.311609,114.223176
Kwun Tong,22.312136,114.226463
Happy Valley,22.268052,114.18669
Happy Valley,22.268896,114.184273
Happy Valley,22.269564,114.18418
Admiralty,22.279427,114.164536
Admiralty,22.278589,114.164936
Admiralty,22.279462,114.164933
Admiralty,22.279392,114.165024
Admiralty,22.279487,114.16341
Causeway Bay,22.280243,114.18233
Causeway Bay,22.278302,114.183646
Causeway Bay,22.277797,114.182727
Causeway Bay,22.277592,114.194793
Causeway Bay,22.280204,114.185411
Causeway Bay,22.279656,114.188921
Causeway Bay,22.279467,114.183014
Causeway Bay,22.278972,114.192261
Causeway Bay,22.279614,114.184796
Causeway Bay,22.277863,114.186433
Causeway Bay,22.277112,114.181788
Causeway Bay,22.280103,114.18685
Causeway Bay,22.281252,114.183182
Causeway Bay,22.27926,114.181579
Causeway Bay,22.28174,114.192122
Causeway Bay,22.27855,114.185892
Causeway Bay,22.280255,114.181347
Causeway Bay,22.280122,114.184218
Causeway Bay,22.278933,114.19155
Causeway Bay,22.278741,114.188534
Diamond Hill,22.340937,114.2081
Diamond Hill,22.340488,114.20198
Diamond Hill,22.34017,114.201562
Cheung Sha Wan,22.338461,114.158528
Cheung Sha Wan,22.337187,114.157771
Cheung Sha Wan,22.339924,114.15281
Cheung Sha Wan,22.337113,114.159394
Cheung Sha Wan,22.339059,114.153822
Cheung Sha Wan,22.337111,114.154419
Cheung Sha Wan,22.33905,114.152017
Cheung Sha Wan,22.340218,114.15523
Cheung Sha Wan,22.335347,114.154649
Cheung Sha Wan,22.336868,114.153689
Cheung Sha Wan,22.336445,114.148348
Cheung Chau,22.206977,114.028704
Tsing Yi,22.354477,114.097636
Tsing Yi,22.344782,114.107743
Tsing Yi,22.349689,114.0985
Tsing Yi,22.35248,114.108049
Tsing Yi,22.348826,114.105978
Tsing Yi,22.362444,114.103333
Tsing Yi,22.345124,114.109089
Tsing Yi,22.355183,114.107386
Tsing Yi,22.342201,114.109786
Tsing Yi,22.350226,114.059906
Tsing Yi,22.351334,114.059232
Tsing Yi,22.362425,114.103339
Tsing Yi,22.356655,114.0957
Tsing Yi,22.353646,114.105584
Tsing Yi,22.358158,114.107083
Tsing Yi,22.358346,114.107325
Aberdeen,22.258627,114.137494
Aberdeen,22.271144,114.130932
Aberdeen,22.248482,114.153295
Aberdeen,22.249454,114.148922
Aberdeen,22.249239,114.155684
Aberdeen,22.24855,114.154943
Aberdeen,22.247637,114.15498
Aberdeen,22.250859,114.149607
Aberdeen,22.253557,114.136314
Aberdeen,22.284426,114.134623
Aberdeen,22.284349,114.134856
Aberdeen,22.251936,114.138245
Aberdeen,22.251003,114.149703
Aberdeen,22.269613,114.129871
Aberdeen,22.247457,114.158216
Aberdeen,22.244775,114.165932
Aberdeen,22.248597,114.169063
Ma On Shan,22.425154,114.231277
Ma On Shan,22.40502,114.22278
Ma On Shan,22.416613,114.227938
Ma On Shan,22.424299,114.228346
Ma On Shan,22.425489,114.231377
Ma On Shan,22.426501,114.240971
Ma On Shan,22.420463,114.230412
Ma On Shan,22.413017,114.225103
Ma On Shan,22.422691,114.23148
Ma On Shan,22.424573,114.237471
Ma On Shan,22.426548,114.240937
Ma On Shan,22.430145,114.243181
Ma On Shan,22.4222,114.226604
Ma On Shan,22.407894,114.222386
Ma On Shan,22.417857,114.22583
Ma On Shan,22.387832,114.208433
Ma On Shan,22.383145,114.203798
Ma On Shan,22.424882,114.23161
Quarry Bay,22.29135,114.206349
Quarry Bay,22.284486,114.21244
Quarry Bay,22.288124,114.210297
Quarry Bay,22.287873,114.211041
Quarry Bay,22.291079,114.207788
Quarry Bay,22.28858,114.208707
Quarry Bay,22.290647,114.208888
Quarry Bay,22.285547,114.212668
Ap Lei Chau,22.244486,114.151364
Ap Lei Chau,22.23903,114.152284
Ap Lei Chau,22.243588,114.154424
Ap Lei Chau,22.24105,114.155846
Ap Lei Chau,22.244359,114.156894
Ap Lei Chau,22.244705,114.150136
Wong Tai Sin,22.341071,114.192501
Wong Tai Sin,22.34982,114.195572
Wong Tai Sin,22.344891,114.193684
Wong Tai Sin,22.345037,114.193871
Wong Tai Sin,22.342817,114.186696
Wong Tai Sin,22.341626,114.193842
Wong Tai Sin,22.345677,114.189312
Wong Tai Sin,22.341977,114.192715
